{
    "now": "2024-04-26T17:04:32.757Z",
    "perfNow": 65482.5,
    "diagnosticCorrelation": "33e993f8-fc2b-4d6b-aacc-9ab138885b48",
    "source": "DownloadSupportFiles",
    "environment": {
        "productName": "adf",
        "buildVersion": "1.0.041624.12",
        "environmentType": 3,
        "resourceName": "tokyo-olympic2021-df",
        "resourceRegion": "southindia",
        "resourceGroup": "tokyo-olympic-rg",
        "subscriptionId": "1c1468fb-2669-4823-8383-d79eef9eaac5",
        "sessionId": "u+aXx3cfwezmcWVXVgitGC",
        "operationId": "",
        "gitType": "live",
        "loggingKey": "5235bbef-7780-4b70-9105-292cc17c4c4c"
    },
    "additionalInfo": {
        "selectedResource": "tokyoolympicspipeline",
        "selectedResourceType": "pipeline"
    }
}