{
    "$schema": "http://schema.management.azure.com/schemas/2015-01-01/deploymentTemplate.json#",
    "contentVersion": "1.0.0.0",
    "parameters": {
        "factoryName": {
            "type": "string",
            "metadata": "Data Factory name",
            "defaultValue": "tokyo-olympic2021-df"
        },
        "AzureDataLakeStorage_accountKey": {
            "type": "secureString",
            "metadata": "Secure string for 'accountKey' of 'AzureDataLakeStorage'"
        },
        "AzureDataLakeStorage_properties_typeProperties_url": {
            "type": "string",
            "defaultValue": "https://tokyoolympicadls.dfs.core.windows.net/"
        },
        "AthletesHttp_properties_typeProperties_url": {
            "type": "string",
            "defaultValue": "https://raw.githubusercontent.com/SandeepAnala1/DATASETS_FOR_PROJECTS/main/Tokyo-olympic-data/Athletes.csv"
        },
        "CoachesHTTP_properties_typeProperties_url": {
            "type": "string",
            "defaultValue": "https://raw.githubusercontent.com/SandeepAnala1/DATASETS_FOR_PROJECTS/main/Tokyo-olympic-data/Coaches.csv"
        },
        "EntriesGenderHttp_properties_typeProperties_url": {
            "type": "string",
            "defaultValue": "https://raw.githubusercontent.com/SandeepAnala1/DATASETS_FOR_PROJECTS/main/Tokyo-olympic-data/EntriesGender.csv"
        },
        "MedalsHttp_properties_typeProperties_url": {
            "type": "string",
            "defaultValue": "https://raw.githubusercontent.com/SandeepAnala1/DATASETS_FOR_PROJECTS/main/Tokyo-olympic-data/Medals.csv"
        },
        "TeamsHTTP_properties_typeProperties_url": {
            "type": "string",
            "defaultValue": "https://raw.githubusercontent.com/SandeepAnala1/DATASETS_FOR_PROJECTS/main/Tokyo-olympic-data/Teams.csv"
        },
        "containerUri": {
            "type": "string",
            "metadata": "URI to storage account containing linked ARM templates"
        },
        "containerSasToken": {
            "type": "string",
            "metadata": "Sas token to storage account containing linked ARM templates"
        }
    },
    "variables": {
        "factoryId": "[concat('Microsoft.DataFactory/factories/', parameters('factoryName'))]"
    },
    "resources": [
        {
            "name": "tokyo-olympic2021-df_ArmTemplate_0",
            "type": "Microsoft.Resources/deployments",
            "apiVersion": "2018-02-01",
            "properties": {
                "mode": "incremental",
                "templateLink": {
                    "uri": "[concat(parameters('containerUri'), '/ArmTemplate_0.json', parameters('containerSasToken'))]",
                    "contentVersion": "1.0.0.0"
                },
                "parameters": {
                    "factoryName": {
                        "value": "[parameters('factoryName')]"
                    },
                    "AzureDataLakeStorage_accountKey": {
                        "value": "[parameters('AzureDataLakeStorage_accountKey')]"
                    },
                    "AzureDataLakeStorage_properties_typeProperties_url": {
                        "value": "[parameters('AzureDataLakeStorage_properties_typeProperties_url')]"
                    },
                    "AthletesHttp_properties_typeProperties_url": {
                        "value": "[parameters('AthletesHttp_properties_typeProperties_url')]"
                    },
                    "CoachesHTTP_properties_typeProperties_url": {
                        "value": "[parameters('CoachesHTTP_properties_typeProperties_url')]"
                    },
                    "EntriesGenderHttp_properties_typeProperties_url": {
                        "value": "[parameters('EntriesGenderHttp_properties_typeProperties_url')]"
                    },
                    "MedalsHttp_properties_typeProperties_url": {
                        "value": "[parameters('MedalsHttp_properties_typeProperties_url')]"
                    },
                    "TeamsHTTP_properties_typeProperties_url": {
                        "value": "[parameters('TeamsHTTP_properties_typeProperties_url')]"
                    }
                }
            },
            "dependsOn": []
        }
    ]
}