{
    "$schema": "https://schema.management.azure.com/schemas/2015-01-01/deploymentParameters.json#",
    "contentVersion": "1.0.0.0",
    "parameters": {
        "factoryName": {
            "value": "tokyo-olympic2021-df"
        },
        "AzureDataLakeStorage_accountKey": {
            "value": ""
        },
        "AzureDataLakeStorage_properties_typeProperties_url": {
            "value": "https://tokyoolympicadls.dfs.core.windows.net/"
        },
        "AthletesHttp_properties_typeProperties_url": {
            "value": "https://raw.githubusercontent.com/SandeepAnala1/DATASETS_FOR_PROJECTS/main/Tokyo-olympic-data/Athletes.csv"
        },
        "CoachesHTTP_properties_typeProperties_url": {
            "value": "https://raw.githubusercontent.com/SandeepAnala1/DATASETS_FOR_PROJECTS/main/Tokyo-olympic-data/Coaches.csv"
        },
        "EntriesGenderHttp_properties_typeProperties_url": {
            "value": "https://raw.githubusercontent.com/SandeepAnala1/DATASETS_FOR_PROJECTS/main/Tokyo-olympic-data/EntriesGender.csv"
        },
        "MedalsHttp_properties_typeProperties_url": {
            "value": "https://raw.githubusercontent.com/SandeepAnala1/DATASETS_FOR_PROJECTS/main/Tokyo-olympic-data/Medals.csv"
        },
        "TeamsHTTP_properties_typeProperties_url": {
            "value": "https://raw.githubusercontent.com/SandeepAnala1/DATASETS_FOR_PROJECTS/main/Tokyo-olympic-data/Teams.csv"
        }
    }
}